id,recording,species,songtype,x1,y1,x2,y2,dur,bw
45051,20200304_190000.flac,sp50,Common Song,4.889889480147359,12240,5.5751125665165775,15506,0.7,3266.8
45050,20200304_190000.flac,sp50,Common Song,3.7060990585345883,12109,4.266066311911584,15419,0.6,3310.3
45049,20200303_010000.flac,sp50,Common Song,3.155955792058944,11935,4.106426524764633,14984,1,3049
44951,20200401_230000.flac,sp50,Common Song,5.518896220755849,12240,5.926814637072585,14984,0.4,2744.1
44950,20200404_000000.flac,sp50,Common Song,19.753110419906687,13459,20.837869362363918,17336,1.1,3876.6
44948,20200301_200000.flac,sp50,Common Song,0.01166407465007776,11020,0.22744945567651634,15245,0.2,4225
