id,recording,species,songtype,x1,y1,x2,y2,dur,bw
43783,20200302_043000.flac,sp48,Common Song,2.3036547433903576,18076,2.6069206842923793,21909,0.3,3833
43782,20200302_040000.flac,sp48,Common Song,1.0439346811819596,18076,1.3588646967340592,21779,0.3,3702.4
43766,20200301_000000.flac,sp48,Common Song,23.565993424142793,19028,23.774542038515737,22441,0.2,3413.2
