id,recording,species,songtype,x1,y1,x2,y2,dur,bw
45058,20200303_010000.flac,sp46,Common Song,21.66415042547351,7146,22.285890749382375,9985,0.6,2838.7
45057,20200303_003000.flac,sp46,Common Song,4.278346295538272,7206,4.877609496520671,10065,0.6,2858.6
45056,20200303_000000.flac,sp46,Common Song,33.47515783694757,7623,34.04748833379083,9667,0.6,2044.7
45055,20200301_010000.flac,sp46,Common Song,20.958001646994234,7504,21.493274773538293,9866,0.5,2362.3
43786,20200301_200000.flac,sp46,Common Song,27.384284176533907,6969,27.782561894510224,9800,0.4,2831.2
